,AWA_fs_COG_deg,AWA_fs_COW_deg,Circulation_magnitude,F_sails_COG.x,F_sails_COG.y,F_sails_COG.z,F_sails_COW.x,F_sails_COW.y,F_sails_COW.z,M_sails_COG.x,M_sails_COG.y,M_sails_COG.z,Pressure,V_app_fs_COG.x,V_app_fs_COG.y,V_app_fs_COG.z,V_app_fs_length,V_induced_COG.x,V_induced_COG.y,V_induced_COG.z,V_induced_length,AWA_infs_COG_deg,AWA_infs_COW_deg,TWS_COG.x,TWS_COG.y,TWS_COG.z,TWS_length,V_app_infs_COG.x,V_app_infs_COG.y,V_app_infs_COG.z,V_app_infs_length,cp_points_COG.x,cp_points_COG.y,cp_points_COG.z,cp_points_upright.z,girths,sail_name
45,12.536801586377363,7.536801586377363,0.7975901946992108,-1.3736439562016554,6.1896310221000945,-1.115317301367434,-1.9078787152989396,6.04635664808672,-1.1153173013674342,-18.35247636939333,-3.506165815910901,3.1451996118602215,-5.916356838878843,7.792139939615482,1.7327275306022871,0.019113970801254185,7.982490518487176,0.19590567215170734,-0.756238549211976,0.019113970801254185,0.781435294554346,18.14179109889838,13.14179109889838,2.966234267463775,2.488966079814263,0.0,3.872143834614404,7.596234267463775,2.488966079814263,0.0,7.99360539385432,0.3788571161253752,0.5825482282613756,2.8600655173668272,1.513532557267534,0.034701082455079184,jib
46,13.55315547669568,8.55315547669568,1.0419019216108802,-1.9385158680002992,8.181164934796955,-1.470711842718492,-2.6441747363019417,7.981080341955141,-1.4707118427184922,-31.124746596662924,-6.5522239050631255,4.576688996830862,-8.039291041410996,7.885435646242024,1.9008646059015226,0.1803512595455324,8.113316717459831,0.1813094986519583,-0.6786335107337332,0.1803512595455324,0.7252193826780118,18.511593740743262,13.511593740743262,3.0741261475900648,2.5794981166352557,0.0,4.012986681391027,7.704126147590065,2.5794981166352557,0.0,8.124491998377854,0.3863057962184565,0.7305885838120926,3.6731029815182854,2.1385312224165305,0.1037136331921428,jib
47,14.482531421139688,9.482531421139688,1.1788763941904246,-2.35337754538982,9.338452797046656,-1.6748174760518932,-3.1583220229660527,9.0978067968638,-1.6748174760518937,-43.3651760513656,-9.897988806358727,5.745539710970206,-9.437284410273978,7.955551832473019,2.054858052552723,0.2787037341933742,8.221369858287542,0.16237902446455346,-0.5993590839971819,0.2787037341933742,0.6806423661581256,18.80793684065514,13.807936840655142,3.1631728080084662,2.6542171365499048,0.0,4.129228840991904,7.793172808008466,2.6542171365499048,0.0,8.232764482446813,0.3938824394970881,0.878434123836527,4.486177757674492,2.7635374863351267,0.1727270229877545,jib
48,15.354184762516184,10.354184762516184,1.2612716661380339,-2.6877454833369536,10.061467557836972,-1.800189399461412,-3.554432478455057,9.788928182222401,-1.8001893994614124,-55.165717521037294,-13.520889539490755,6.794516538752076,-10.473636640351053,8.011346505149755,2.1998018717323,0.33372865189617446,8.314576111477274,0.14203020080045556,-0.5183072445137452,0.33372865189617446,0.6326055570031668,19.05521988642331,14.055219886423309,3.2393163043492983,2.7181091162460453,0.0,4.228627116150472,7.869316304349298,2.7181091162460453,0.0,8.325518378198295,0.4012240824195725,1.0259950085158143,5.2992997170950815,3.3885230416229626,0.24173812612979279,jib
49,16.18784233766854,11.187842337668538,1.305149694218593,-2.956528616417575,10.47161755434221,-1.8689772630444779,-3.8579397381498235,10.17409144056158,-1.8689772630444783,-66.2001980964878,-17.309122059084153,7.741278594824996,-11.25944572809407,8.056893034164228,2.338890019968567,0.35930184338508553,8.397203683615906,0.12086286674824633,-0.43519867417114305,0.35930184338508553,0.5771512221409962,19.26739113469278,14.26739113469278,3.3060301674159804,2.77408869413971,0.0,4.315715879297234,7.93603016741598,2.77408869413971,0.0,8.40691042542326,0.4080310372433604,1.1731777609897738,6.1124802547001735,4.013459984790733,0.3107438615061229,jib
50,16.978886464728685,11.978886464728685,1.310914858675593,-3.145827456364247,10.569549619559195,-1.8816613579754335,-4.055053580742415,10.255152363707095,-1.881661357975434,-75.68546792655366,-21.007802824257727,8.529913543789661,-11.779727052829633,8.095410022112373,2.4717535856475723,0.3499880836403784,8.471583138526668,0.09988039380886982,-0.3522610841781055,0.3499880836403784,0.5065132013916456,19.453179857917473,14.453179857917473,3.3655296283035034,2.8240146698256776,0.0,4.393386909251148,7.995529628303503,2.8240146698256776,0.0,8.47959626942638,0.41417731172232364,1.3199216911419023,6.925727672380354,4.638321066003821,0.37974122018136797,jib
51,17.73413516995013,12.734135169950129,1.2582021649195436,-3.189139516845891,10.18809372459686,-1.808972381021212,-4.0649547539067425,9.871373128788566,-1.8089723810212124,-81.49844412566671,-23.921740674395487,8.951475902156727,-11.814237844264706,8.128877861452288,2.599593071492883,0.30999491672412294,8.540060671456482,0.0795595646197099,-0.2695556502570588,0.30999491672412294,0.4184337717044115,19.618414816100355,14.618414816100355,3.4193182968325786,2.869148721749942,0.0,4.46360302923248,8.049318296832578,2.869148721749942,0.0,8.545381175304179,0.4196636159072989,1.4661960148781732,7.739046985721428,5.263079937730629,0.44872729285273644,jib
52,18.475000519715778,13.475000519715778,1.1482253743879671,-3.065514841298737,9.330670153414705,-1.65220347398255,-3.8670711193776253,9.027986913577262,-1.6522034739825504,-82.46333075416005,-25.516272651166485,8.90243899664418,-11.305158292364162,8.156476718791707,2.725162222011506,0.2564995054458565,8.603511701437023,0.05801077370569778,-0.18522627326111865,0.2564995054458565,0.32166134126765256,19.76718306439981,14.76718306439981,3.468465945086008,2.910388495272625,0.0,4.527760727516045,8.098465945086009,2.910388495272625,0.0,8.60555122331702,0.4245043557805867,1.611973560719802,8.552442764035199,5.887711360490533,0.5176992925687766,jib
53,19.163677151854927,14.163677151854927,0.9726498829550844,-2.728737569056057,7.9285289119731335,-1.3999464650471314,-3.4093707249967036,7.660533316180232,-1.3999464650471316,-76.7179879695622,-24.95695876556749,8.194089669582937,-10.083518564149268,8.180356819365146,2.8428880640783234,0.15562968563615467,8.661666746998758,0.036594691157625314,-0.10550844174530258,0.15562968563615467,0.19155104215757277,19.902461816376768,14.902461816376768,3.5137621282075218,2.948396505823626,0.0,4.5868906951418,8.143762128207522,2.948396505823626,0.0,8.661056722847396,0.42871470825895985,1.7572275049602402,9.365919499085148,6.512190314579532,0.5866544566458413,jib
54,19.80363268724864,14.80363268724864,0.6602302560547828,-1.942242032829466,5.3964136079906,-0.9500509687301498,-2.405179651693639,5.206601078023411,-0.95005096873015,-56.73962479867111,-19.360299922932715,6.026937964930449,-7.241312040829735,8.200898541724206,2.9530925146110008,0.008398261838546207,8.716396206134025,0.015091529306707036,-0.0305838380461078,0.008398261838546207,0.03512344243314612,20.026487308397705,15.026487308397705,3.5558070124174983,2.9836763526571084,0.0,4.641776393468635,8.185807012417499,2.9836763526571084,0.0,8.712620789518429,0.4323106133795578,1.901931389379309,10.179481602076025,7.136490332019725,0.6555898624814199,jib
55,20.585685328755986,15.585685328755986,0.19495284262828036,-0.5994000446372747,1.5946486560976572,-0.27988641108949813,-0.736101934547355,1.5363393804302723,-0.2798864110894982,-18.102849552930785,-6.467447642808173,1.9205724779924362,-2.2709380859064763,8.206044198894375,3.0821096162126467,-0.013653044671582022,8.765771357170303,-0.019023785485312354,0.0654893964624031,-0.013653044671582022,0.06954977420527841,20.14098205494367,15.14098205494367,3.595067984379688,3.0166202197502434,0.0,4.693027952454347,8.225067984379688,3.0166202197502434,0.0,8.760807091693879,0.4353087661094097,2.0460591388021903,10.993133400678708,7.760583316418789,0.7245024076629656,jib
56,21.379200790852664,16.379200790852664,-0.1451233588637426,0.46528666763227866,-1.1869118106069987,0.20766455075354617,0.566962291817473,-1.1418428477210922,0.20766455075354623,14.468423740290767,5.4026802747233535,-1.538344603591773,1.8056978232758443,8.204041304529778,3.2116935344338913,-0.02520435776601602,8.810329411844117,-0.05787514289509283,0.1641537829329851,-0.02520435776601602,0.17587284118571103,20.247301041809546,15.247301041809546,3.631916447424871,3.047539751500906,0.0,4.74113020471422,8.26191644742487,3.047539751500906,0.0,8.806063928975748,0.4377390104252446,2.189589930308919,11.806878494124948,8.384439988067612,0.7933888591157157,jib
57,22.165433795860686,17.165433795860686,-0.4260696168817873,1.4217136897229739,-3.481908979766306,0.6072190964448035,1.7197720032177528,-3.3447487522789143,0.6072190964448037,45.36054717323546,17.676016129193037,-4.847396302283222,5.6980997314492825,8.196644336523791,3.3392214905106523,-0.043503522769873085,8.850834486004645,-0.10000806725676088,0.2625348108431043,-0.043503522769873085,0.2842862939261164,20.346528688193448,15.346528688193448,3.666652403780552,3.076686679667548,0.0,4.786474775342854,8.296652403780552,3.076686679667548,0.0,8.84875369947663,0.43975139695330845,2.3325526006666633,12.620713794074554,9.008029703933456,0.8622458332262815,jib
58,22.951562167661898,17.951562167661898,-0.6210176095569752,2.152626123235222,-5.067409924897669,0.8807821294194741,2.5860886067520283,-4.860513171611971,0.8807821294194743,70.25873704764402,28.530724053013476,-7.5659102301585826,8.977509500271884,8.183564617491205,3.4655550848489916,-0.06217967272764506,8.887331894695798,-0.14595700608578333,0.3612878549731679,-0.06217967272764506,0.3945867122409918,20.43954588559537,15.439545885595368,3.6995216235769894,3.104267229875824,0.0,4.829382494459788,8.329521623576989,3.104267229875824,0.0,8.889173499944613,0.4416559163017955,2.4750506365191516,13.434625910783096,9.631320244416942,0.9310697722962855,jib
59,23.737366936216148,18.737366936216148,-0.651259310575367,2.3407167195756515,-5.302007331559408,0.9184685616328695,2.793909972811557,-5.077824688686569,0.9184685616328697,77.94999881641546,32.94429873527309,-8.479279986610658,10.222587178037815,8.16426289391164,3.5902132109594778,-0.08153778534164757,8.919162960249626,-0.19646528328621587,0.4597605734500712,-0.08153778534164757,0.5065834609166509,20.52707821287417,15.52707821287417,3.7307281771978555,3.1304526375094066,0.0,4.870119757031405,8.360728177197856,3.1304526375094066,0.0,8.927570182792168,0.44381150795422053,2.6172274783928406,14.248595472358689,10.254277602534616,0.9998569212638341,jib
60,22.98336419280282,17.98336419280282,-0.12247012253738811,0.31688475592595794,-0.7465452641252083,-0.042140095208644215,0.38074462074911536,-0.7160861077388971,-0.04214009520864422,-7.609357370115678,-3.227693906744855,-0.039623851063107396,18.405604706313028,8.039382383430501,3.409760888312444,0.047861339415954184,8.732721748131487,-0.14213314261457619,0.42968552028763646,0.047861339415954184,0.4551067834970618,20.013895451179902,15.013895451179902,3.5515155260450766,2.9800753680248073,0.0,4.636174255876005,8.181515526045077,2.9800753680248073,0.0,8.707355827231641,-0.6913955635119005,1.7538929350390025,-10.093759235988594,-10.255573367118881,-1.2648473246490628,jib
61,22.189677115883818,17.189677115883818,-0.0766007405582642,0.19106086438427972,-0.4680037016432896,-0.030595017311614542,0.2311230303378198,-0.44957075471893476,-0.03059501731161455,-4.485432946874717,-1.8357782170698844,0.070609700763067,5.5953959754159674,8.061112904926558,3.287985133580652,0.04490881755989851,8.7059981797905,-0.08850179887609054,0.33467773373371806,0.04490881755989851,0.34908244836437957,19.919814345722422,14.919814345722422,3.519614703802649,2.953307399846934,0.0,4.594530689985047,8.149614703802648,2.953307399846934,0.0,8.66823190843594,-0.8282619411735923,1.6592615900596481,-9.475710970300037,-9.633747441369486,-1.196185108802296,jib
62,21.310305997284846,16.310305997284846,0.09578374814588195,-0.22886578643699948,0.5861682877877047,0.0437073508665025,-0.2790828155203971,0.5639907728771844,0.04370735086650251,5.260456554170512,2.0694338207966805,-0.20815613296361835,-4.6218031192370175,8.078841766786825,3.1514829670142857,0.03823383608789319,8.671850495158598,-0.03704790875814426,0.22647422593981412,0.03823383608789319,0.23264769240288125,19.81942570035156,14.819425700351559,3.485889675544969,2.9250087410744716,0.0,4.550505792264534,8.115889675544969,2.9250087410744716,0.0,8.626896392155146,-0.964794277359788,1.561507651394282,-8.857878018216468,-9.011321787361634,-1.1274566707711098,jib
63,20.411118342654426,15.411118342654426,0.35905197669669114,-0.8188303393548719,2.1986717062503884,0.1840966137560053,-1.0073413083185017,2.118939330200178,0.18409661375600533,18.386585870599614,6.950055001984711,-1.2243296449000711,-12.919728546410816,8.089135816788776,3.0101095854929985,0.02926206790203525,8.631091138885614,0.009037489295741993,0.11513335136824343,0.02926206790203525,0.11913703634033111,19.71182902313372,14.71182902313372,3.4500983274930337,2.894976234124755,0.0,4.503783505622509,8.080098327493033,2.894976234124755,0.0,8.583057519212069,-1.100854204972928,1.4607267107652937,-8.240280246486924,-8.388357617665534,-1.058668769666912,jib
64,19.504762529736393,14.504762529736393,0.6879039738821638,-1.4923662707249832,4.21068261299734,0.39087636119902125,-1.8536725371176122,4.06459140363846,0.39087636119902136,32.628192371728204,11.859454971753397,-3.1805123110541422,-19.697964238523717,8.091691889689217,2.8661753433501853,0.018454339890636724,8.584333363701086,0.049746791681304046,0.0032134700146168047,0.018454339890636724,0.05315667721854939,19.595915517513678,14.595915517513678,3.4119450980079136,2.8629618733355686,0.0,4.453978001741066,8.041945098007913,2.8629618733355686,0.0,8.536359390720765,-1.2362974803259714,1.3570019864245815,-7.622937970688362,-7.764912927560071,-0.9898278093467819,jib
65,18.595559354157658,13.595559354157658,1.061174929923106,-2.1827227809489145,6.486058040631703,0.6606507773791924,-2.739714067821056,6.2711398064068025,0.6606507773791925,46.26657415318299,16.1976122381965,-6.162934844527092,-25.17476062173119,8.086458025742072,2.7206960955490374,0.005908361053889182,8.531882884519366,0.0853943088269729,-0.10796222598953248,0.005908361053889182,0.1377785866925424,19.470298392124636,14.470298392124636,3.371063716915099,2.82865832153857,0.0,4.400611148864535,8.001063716915098,2.82865832153857,0.0,8.486361322860619,-1.3709745295394136,1.2504041054204615,-7.005872199144427,-7.141042874504175,-0.9209398803148208,jib
66,17.685568923709596,12.685568923709596,1.4591520351528013,-2.835610841142493,8.896104874692986,0.9858615822304341,-3.6001671137125566,8.6151127408342,0.9858615822304343,57.96300612844303,19.600471537804438,-10.150838627954833,-29.468618890126397,8.073260934979128,2.5742658867645636,-0.008432292679762077,8.473751122353054,0.11626866359779076,-0.21741210108117734,-0.008432292679762077,0.24669318472788315,19.333211294936063,14.333211294936063,3.326992271381337,2.7916779878457407,0.0,4.343079962613352,7.956992271381337,2.7916779878457407,0.0,8.432508048892972,-1.5047310032936183,1.140990907004579,-6.389104875465455,-6.51680016197425,-0.8520108021056001,jib
67,16.776083018055214,11.776083018055214,1.862022429764332,-3.405672637949723,11.310956538053238,1.354227114323121,-4.3785278436221535,10.971091005238918,1.3542271143231213,66.68753474246033,21.877216853378773,-15.016932110076038,-32.63805573896982,8.051686865890249,2.4272806621374072,-0.02470518145580397,8.409635137455519,0.1425507887474802,-0.3242412107732025,-0.02470518145580397,0.3550541312630586,19.182355615775734,14.182355615775734,3.279136077142769,2.75152187291061,0.0,4.280608137814624,7.909136077142769,2.75152187291061,0.0,8.374085389095743,-1.6374130814354848,1.028805895739262,-5.772659251532472,-5.892235363476471,-0.7830461590617043,jib
68,15.86815855010868,10.86815855010868,2.2485401760016295,-3.854262067035933,13.592110691793863,1.7477814435621986,-5.024225939089009,13.204467533844534,1.747781443562199,71.68578199048864,22.966531352192046,-20.521928646122515,-34.70273479283703,8.020966054432447,2.280013787033381,-0.04308008181990588,8.33883776127522,0.1642554843606429,-0.427517862229701,-0.04308008181990588,0.4600079131032561,19.01466295584665,14.01466295584665,3.2267105700718046,2.707531649263082,0.0,4.212171498737246,7.8567105700718045,2.707531649263082,0.0,8.310152141425528,-1.7689777022343403,0.9138486259369776,-5.156562943691052,-5.267396121371067,-0.714051211867653,jib
69,14.962698762203406,9.962698762203406,2.594627381729486,-4.148040341785716,15.585081965694883,2.141466373833998,-5.490585190460873,15.16425048661494,2.1414663738339983,72.47424295542298,22.903558767491024,-26.303358234449654,-35.65294680666049,7.979862900168813,2.132630671473868,-0.0637089553787806,8.26016854049584,0.18121384540078123,-0.5261815817122248,-0.0637089553787806,0.5601467180066063,18.825907222299133,13.825907222299133,3.168649054768032,2.6588122531860927,0.0,4.136377573430024,7.798649054768032,2.6588122531860927,0.0,8.239430179152368,-1.8996004139618536,0.7960554013783372,-4.540849848427921,-4.642327471125232,-0.6450309333540104,jib
70,14.060492896312951,9.060492896312951,2.871616230511585,-4.258041023204815,17.110803324255713,2.5012185919433145,-5.733142664308394,16.674578823686744,2.501218591943315,68.85859250178062,21.791587442949844,-31.852016230621146,-35.441942671646814,7.926515237017509,1.9851936168219952,-0.08668993922756438,8.171790051421096,0.1930703068494312,-0.6189058794610383,-0.08668993922756438,0.6540915659001066,18.61003353894103,13.610033538941028,3.1034449301680778,2.6040994962830335,0.0,4.0512596338827125,7.733444930168078,2.6040994962830335,0.0,8.160116707160743,-2.029574543784613,0.6753421595335023,-3.9255558528462027,-4.017074843804093,-0.5759903400333901,jib
71,13.162341531629243,8.162341531629243,3.0429242026823755,-4.1577474026813785,17.948736827586643,2.7803741263294923,-5.706261408146475,17.518064902048028,2.7803741263294928,60.9569207596554,19.768508614095467,-36.46138074166265,-33.96378363222316,7.85809347835974,1.837651048804983,-0.11205229659967274,8.070882864283632,0.19922934063202724,-0.7038677320484303,-0.11205229659967274,0.7400525870240129,18.357917624641207,13.357917624641207,3.0288641377277123,2.5415187808534134,0.0,3.953901323786882,7.658864137727712,2.5415187808534134,0.0,8.069542588870963,-2.159202675941318,0.5516400165988338,-3.3107151606972423,-3.391685664964528,-0.5069346686508169,jib
72,12.269168865260188,7.269168865260188,3.0564583080593892,-3.818123683926468,17.79775171775691,2.911547685027343,-5.354770840785584,17.397254493607655,2.9115476850273434,49.22625126826796,16.958960504508667,-39.11303022712885,-31.00533287817267,7.7699954095070005,1.6897536485699354,-0.13979245693828862,7.952838360461762,0.1986228557397184,-0.7783509764511647,-0.13979245693828862,0.8153669188663015,18.054854616047837,13.054854616047837,2.941372553767282,2.4681046250211,0.0,3.8396891723297095,7.571372553767282,2.4681046250211,0.0,7.963493127264632,-2.288791281341333,0.4248968515033937,-2.6963598877502504,-2.766208984308843,-0.4378693352899687,jib
73,11.382053695451702,6.382053695451702,2.8242852165545815,-3.1935865392912453,16.17094129081285,2.785132556073161,-4.590824377468673,15.831066570199798,2.7851325560731612,34.49813514163557,13.386968225399649,-38.169492860987056,-26.112072739467937,7.65366868658249,1.5407557054080843,-0.16976454529724883,7.80905836247629,0.1888225862824334,-0.8379626117980439,-0.16976454529724883,0.8755885498918815,17.674793995649118,12.674793995649118,2.834846100300057,2.378718317206128,0.0,3.700628763466878,7.464846100300057,2.378718317206128,0.0,7.834681112449754,-2.418650060432284,0.29507741772154894,-2.082519799766369,-2.1406950281177903,-0.3687998859526884,jib
74,10.49915569068834,5.49915569068834,2.146692170532492,-2.167475006741506,12.007114405216154,2.1712044305669123,-3.2057160842049788,11.772515815757815,2.1712044305669127,17.993207244948515,8.719100363884891,-30.25574545646502,-18.08002198442314,7.490815601472745,1.3882264333884566,-0.19916964227359799,7.620968413005614,0.1637280544414759,-0.8748987325783161,-0.19916964227359799,0.912098248261517,17.164404020866776,12.164404020866776,2.6970875470312694,2.263125165966773,0.0,3.520797743861934,7.327087547031269,2.263125165966773,0.0,7.668634000830449,-2.549091281054968,0.1621634313695704,-1.4692220536034273,-1.5151947497120177,-0.29973194692079475,jib
75,10.499155690688363,5.499155690688363,2.14669217053249,-2.1674750067415163,12.007114405216177,-2.1712044305669127,-3.205716084204991,11.772515815757838,-2.171204430566913,-17.99320724494856,-8.719100363884909,-30.255745456465075,-18.08002198442313,7.490815601472746,1.38822643338846,0.1991696422735974,7.620968413005615,0.1637280544414756,-0.8748987325783137,0.1991696422735974,0.9120982482615145,17.16440402086678,12.16440402086678,2.6970875470312703,2.2631251659667737,0.0,3.520797743861935,7.327087547031271,2.2631251659667737,0.0,7.668634000830452,-2.549091281054968,0.16216343136957043,1.4692220536034282,1.5151947497120186,0.03488462227173209,jib
76,11.382053695451704,6.382053695451704,2.82428521655458,-3.1935865392912417,16.170941290812827,-2.7851325560731532,-4.5908243774686674,15.831066570199777,-2.7851325560731537,-34.49813514163556,-13.386968225399627,-38.169492860987006,-26.11207273946793,7.653668686582491,1.5407557054080847,0.1697645452972491,7.809058362476291,0.1888225862824335,-0.837962611798044,0.1697645452972491,0.8755885498918816,17.674793995649118,12.674793995649118,2.8348461003000573,2.3787183172061286,0.0,3.7006287634668786,7.464846100300058,2.3787183172061286,0.0,7.834681112449755,-2.418650060432284,0.2950774177215489,2.082519799766371,2.140695028117792,0.10395256130362583,jib
77,12.269168865260196,7.2691688652601965,3.056458308059386,-3.8181236839264634,17.797751717756878,-2.911547685027345,-5.3547708407855765,17.397254493607626,-2.9115476850273456,-49.226251268267895,-16.958960504508667,-39.11303022712879,-31.005332878172634,7.7699954095070005,1.6897536485699365,0.13979245693828846,7.952838360461762,0.19862285573971822,-0.7783509764511639,0.13979245693828846,0.8153669188663006,18.05485461604784,13.054854616047841,2.941372553767282,2.4681046250211005,0.0,3.8396891723297095,7.571372553767282,2.4681046250211005,0.0,7.963493127264632,-2.2887912813413336,0.4248968515033936,2.6963598877502517,2.7662089843088444,0.17302201064090605,jib
78,13.162341531629227,8.162341531629227,3.042924202682374,-4.157747402681371,17.948736827586636,-2.7803741263294897,-5.706261408146467,17.518064902048025,-2.78037412632949,-60.95692075965538,-19.76850861409544,-36.46138074166264,-33.96378363222315,7.8580934783597405,1.8376510488049806,0.11205229659967329,8.070882864283634,0.19922934063202813,-0.7038677320484327,0.11205229659967329,0.7400525870240156,18.357917624641207,13.357917624641207,3.0288641377277123,2.5415187808534134,0.0,3.953901323786882,7.658864137727712,2.5415187808534134,0.0,8.069542588870963,-2.159202675941318,0.5516400165988338,3.310715160697243,3.391685664964529,0.24208734400175425,jib
79,14.060492896312953,9.060492896312953,2.8716162305115818,-4.258041023204818,17.11080332425572,-2.501218591943305,-5.733142664308397,16.67457882368675,-2.5012185919433056,-68.85859250178066,-21.79158744294984,-31.85201623062116,-35.44194267164679,7.926515237017509,1.9851936168219955,0.08668993922756407,8.171790051421096,0.19307030684943105,-0.618905879461038,0.08668993922756407,0.6540915659001063,18.61003353894103,13.610033538941028,3.1034449301680778,2.6040994962830335,0.0,4.0512596338827125,7.733444930168078,2.6040994962830335,0.0,8.160116707160743,-2.029574543784613,0.6753421595335021,3.925555852846204,4.017074843804095,0.3111430153843276,jib
80,14.962698762203418,9.962698762203418,2.5946273817294823,-4.148040341785707,15.58508196569484,-2.141466373834,-5.490585190460861,15.164250486614899,-2.1414663738340005,-72.47424295542281,-22.903558767490996,-26.303358234449583,-35.652946806660445,7.979862900168813,2.1326306714738696,0.06370895537878102,8.26016854049584,0.1812138454007809,-0.5261815817122231,0.06370895537878102,0.5601467180066044,18.825907222299133,13.825907222299133,3.168649054768032,2.6588122531860927,0.0,4.136377573430024,7.798649054768032,2.6588122531860927,0.0,8.239430179152368,-1.8996004139618536,0.796055401378337,4.540849848427923,4.642327471125233,0.3801836087049478,jib
81,15.868158550108701,10.868158550108701,2.2485401760016264,-3.8542620670359393,13.592110691793865,-1.7477814435621972,-5.024225939089016,13.204467533844534,-1.7477814435621977,-71.68578199048866,-22.966531352192085,-20.521928646122518,-34.70273479283699,8.020966054432447,2.280013787033384,0.043080081819905344,8.338837761275222,0.16425548436064336,-0.42751786222969795,0.043080081819905344,0.46000791310325334,19.01466295584665,14.01466295584665,3.2267105700718046,2.707531649263082,0.0,4.212171498737246,7.8567105700718045,2.707531649263082,0.0,8.310152141425528,-1.7689777022343407,0.9138486259369776,5.156562943691053,5.267396121371068,0.4492038872185903,jib
82,16.776083018055193,11.776083018055193,1.8620224297643309,-3.405672637949716,11.310956538053235,-1.3542271143231213,-4.378527843622146,10.971091005238915,-1.3542271143231215,-66.68753474246033,-21.87721685337874,-15.016932110076041,-32.638055738969804,8.05168686589025,2.4272806621374046,0.024705181455804467,8.40963513745552,0.14255078874748067,-0.3242412107732053,0.024705181455804467,0.35505413126306135,19.182355615775734,14.182355615775734,3.279136077142769,2.75152187291061,0.0,4.280608137814624,7.909136077142769,2.75152187291061,0.0,8.374085389095743,-1.6374130814354853,1.028805895739262,5.772659251532474,5.892235363476472,0.5181988344126418,jib
83,17.685568923709603,12.685568923709603,1.4591520351527996,-2.835610841142487,8.896104874692963,-0.9858615822304294,-3.600167113712549,8.615112740834176,-0.9858615822304296,-57.963006128442885,-19.600471537804395,-10.150838627954812,-29.468618890126372,8.073260934979128,2.5742658867645645,0.008432292679761932,8.473751122353054,0.1162686635977915,-0.21741210108117637,0.008432292679761932,0.24669318472788263,19.333211294936063,14.333211294936063,3.326992271381337,2.7916779878457407,0.0,4.343079962613352,7.956992271381337,2.7916779878457407,0.0,8.432508048892972,-1.5047310032936188,1.1409909070045787,6.389104875465456,6.516800161974252,0.5871634774565375,jib
84,18.59555935415767,13.595559354157668,1.0611749299231048,-2.1827227809489163,6.486058040631705,-0.66065077737919,-2.739714067821058,6.271139806406804,-0.6606507773791901,-46.26657415318301,-16.19761223819651,-6.162934844527092,-25.17476062173116,8.086458025742072,2.7206960955490387,-0.005908361053889213,8.531882884519366,0.08539430882697313,-0.10796222598953131,-0.005908361053889213,0.13777858669254162,19.470298392124636,14.470298392124636,3.371063716915099,2.82865832153857,0.0,4.400611148864535,8.001063716915098,2.82865832153857,0.0,8.486361322860619,-1.3709745295394136,1.2504041054204613,7.005872199144429,7.141042874504177,0.6560925556657582,jib
85,19.504762529736393,14.504762529736393,0.6879039738821632,-1.4923662707249814,4.210682612997336,-0.39087636119902286,-1.8536725371176102,4.064591403638455,-0.39087636119902297,-32.628192371728176,-11.859454971753388,-3.1805123110541396,-19.697964238523696,8.091691889689216,2.866175343350185,-0.01845433989063601,8.584333363701084,0.0497467916813033,0.003213470014616069,-0.01845433989063601,0.05315667721854841,19.595915517513678,14.595915517513678,3.4119450980079136,2.8629618733355686,0.0,4.453978001741066,8.041945098007913,2.8629618733355686,0.0,8.536359390720765,-1.2362974803259714,1.3570019864245815,7.622937970688364,7.764912927560073,0.7249804846977195,jib
86,20.411118342654433,15.411118342654433,0.3590519766966902,-0.8188303393548677,2.1986717062503756,-0.184096613756005,-1.0073413083184966,2.1189393302001656,-0.18409661375600503,-18.386585870599507,-6.950055001984675,-1.224329644900064,-12.919728546410779,8.089135816788774,3.0101095854929993,-0.029262067902035203,8.631091138885612,0.009037489295741425,0.1151333513682443,-0.029262067902035203,0.11913703634033189,19.71182902313372,14.71182902313372,3.4500983274930337,2.894976234124755,0.0,4.503783505622509,8.080098327493033,2.894976234124755,0.0,8.583057519212069,-1.1008542049729284,1.4607267107652937,8.240280246486924,8.388357617665536,0.7938214450178491,jib
87,21.310305997284846,16.310305997284846,0.09578374814588206,-0.22886578643699976,0.5861682877877054,-0.043707350866502404,-0.27908281552039743,0.5639907728771849,-0.04370735086650241,-5.260456554170518,-2.0694338207966827,-0.20815613296361857,-4.621803119237023,8.078841766786825,3.1514829670142857,-0.03823383608789324,8.671850495158598,-0.03704790875814421,0.22647422593981395,-0.03823383608789324,0.23264769240288105,19.81942570035156,14.819425700351559,3.485889675544969,2.9250087410744716,0.0,4.550505792264534,8.115889675544969,2.9250087410744716,0.0,8.626896392155146,-0.964794277359788,1.561507651394282,8.857878018216468,9.011321787361634,0.8626093461220468,jib
88,22.18967711588381,17.18967711588381,-0.07660074055826382,0.19106086438427927,-0.46800370164328864,0.030595017311614476,0.23112303033781928,-0.44957075471893393,0.030595017311614483,4.485432946874709,1.8357782170698806,0.07060970076306694,5.59539597541594,8.061112904926558,3.287985133580651,-0.044908817559898416,8.7059981797905,-0.08850179887609005,0.334677733733717,-0.044908817559898416,0.3490824483643784,19.919814345722422,14.919814345722422,3.519614703802649,2.953307399846934,0.0,4.594530689985047,8.149614703802648,2.953307399846934,0.0,8.66823190843594,-0.8282619411735923,1.6592615900596481,9.475710970300039,9.633747441369486,0.931337784153233,jib
89,22.98336419280282,17.98336419280282,-0.12247012253738786,0.3168847559259563,-0.7465452641252046,0.04214009520864404,0.38074462074911336,-0.7160861077388936,0.04214009520864405,7.6093573701156405,3.2276939067448382,-0.03962385106310695,18.40560470631298,8.039382383430501,3.4097608883124435,-0.04786133941595426,8.732721748131485,-0.14213314261457574,0.4296855202876363,-0.04786133941595426,0.4551067834970615,20.013895451179902,15.013895451179902,3.5515155260450766,2.9800753680248073,0.0,4.636174255876005,8.181515526045077,2.9800753680248073,0.0,8.707355827231641,-0.6913955635119006,1.7538929350390025,10.093759235988594,10.255573367118881,1.0,jib
135,10.01189739677898,5.011897396778981,2.309377521694081,-2.374560580751032,13.148178493041312,-2.7752653143167456,-3.511463923181635,12.891189113217006,-2.775265314316746,-20.09747626584481,-7.528491069780497,-18.471484218404427,-19.88380837824513,7.5865408660241425,1.3393362192084077,-0.1458848673969569,7.705238881077811,0.2635128632475379,-0.9203825846715281,-0.1458848673969569,0.9684139227618457,17.149028314245022,12.149028314245022,2.6930280027766047,2.259718803879936,0.0,3.5154983852005275,7.323028002776605,2.259718803879936,0.0,7.6637502700739715,-1.4688113605933706,0.3540485469602854,1.4538057590257287,2.9120375961136626,0.03451454802045908,main_sail
136,11.222646670641822,6.222646670641822,3.109072862465763,-3.5602255769823206,17.9971655626433,-3.607648263288571,-5.115234175765166,17.6183868096735,-3.607648263288572,-38.94902683506235,-12.451308874816677,-23.677736719560333,-29.174016870217972,7.716647750058713,1.531107303763222,0.022891630682893543,7.867112945730384,0.2550565775455237,-0.8448798047374366,0.022891630682893543,0.8828362073214526,17.66298443370741,12.662984433707411,2.831591172513189,2.3759871085006585,0.0,3.69637975700765,7.461591172513189,2.3759871085006585,0.0,7.830750766400886,-1.4126870142827492,0.490594016282249,2.065832869894503,3.7382951710211074,0.10347158036902661,main_sail
137,12.246309775446306,7.246309775446306,3.4204610686878367,-4.316403258411543,20.07857454937931,-3.8108642469264686,-6.049941119020894,19.62597017934626,-3.8108642469264695,-56.155928455759614,-16.73660874552875,-24.57595121916541,-35.09991206818787,7.8187263687882975,1.6970845954573313,0.08561406822358873,8.00124414843103,0.25009121905032017,-0.7687230748523962,0.08561406822358873,0.8129025478705251,18.045242264870993,13.045242264870993,2.9386351497379772,2.4658076703097276,0.0,3.8361157451560075,7.568635149737977,2.4658076703097276,0.0,7.9601787352299755,-1.3576110627292481,0.6215692909779718,2.678836196040966,4.564558285282251,0.17242907501579727,main_sail
138,13.200127213977506,8.200127213977506,3.4468708107867454,-4.752350655156574,20.471218141964016,-3.666286876899032,-6.518450748252022,19.97912432535662,-3.666286876899033,-70.14569157689594,-20.42563306767974,-23.124395264459295,-38.85536076847734,7.9006242630207995,1.8530931980879841,0.10597594132204388,8.115728497576296,0.24411041267208,-0.6864534574925566,0.10597594132204388,0.7362330765576292,18.349880627918047,13.349880627918047,3.0265138503487203,2.5395466555805406,0.0,3.9508332415103204,7.65651385034872,2.5395466555805406,0.0,8.066690867787862,-1.3030214238194304,0.7470072820381666,3.2927668551210285,5.390825305823799,0.24138689566926652,main_sail
139,14.120163352765188,9.120163352765188,3.2822434844027963,-4.908069061447184,19.68163890074606,-3.313371651358374,-6.60476023376754,19.178977918172244,-3.313371651358375,-79.78000526008782,-23.314912394094712,-20.314627601879636,-40.875722904372466,7.965649013382438,2.003813110849749,0.10332997062234571,8.214469445462852,0.23423843404993805,-0.5985793623974669,0.10332997062234571,0.6510314738191542,18.6032308300625,13.6032308300625,3.101410579332501,2.6023924732472157,0.0,4.048603977472892,7.7314105793325005,2.6023924732472157,0.0,8.157644030664017,-1.248360636747571,0.866971433208972,3.9075712687646353,6.2170941681066125,0.3103448700290568,main_sail
140,15.024089820525061,10.024089820525061,2.9857669181515667,-4.812088636032125,18.044872985900973,-2.843150783861157,-6.366491493836094,17.556805637052573,-2.8431507838611574,-84.41112889543894,-25.15809699545676,-16.8055915320539,-41.37508582213156,8.016825546201561,2.151714987558107,0.08784217349098702,8.301029181574762,0.21993902385657402,-0.5056183253218699,0.08784217349098702,0.5583362002950333,18.820126621040295,13.820126621040295,3.1668865223449867,2.657333312879977,0.0,4.134076750757296,7.796886522344987,2.657333312879977,0.0,8.237284733336985,-1.1930770538768145,0.9815555624180771,4.523191628587206,7.043362791944171,0.37930282448890584,main_sail
141,15.921502291848242,10.921502291848242,2.6011028059855485,-4.493907100652169,15.819911660828653,-2.3212832612168355,-5.8556025783884005,15.368042309600972,-2.321283261216836,-83.83973589521807,-25.735164757486615,-13.078993456434553,-40.46984698925756,8.056372792630428,2.2981872846497597,0.06570888070596209,8.378014384456813,0.20118313315379235,-0.408068169093863,0.06570888070596209,0.4596867854276697,19.009759528151353,14.009759528151353,3.2251896594766363,2.7062554537436228,0.0,4.2101860909598905,7.855189659476636,2.7062554537436228,0.0,8.308298451985568,-1.1366260235775008,1.0908836605120324,5.139566367836318,7.869629194243309,0.448260593545678,main_sail
142,16.817774586393462,11.817774586393462,2.163314377935002,-3.987546276028631,13.222801289171981,-1.7965235444384455,-5.124815526137683,12.824946980765892,-1.796523544438446,-78.26582428552503,-24.89234598305551,-9.49497624899583,-38.21746140011832,8.085697173681655,2.4439531977499844,0.0410881561243556,8.447076077190829,0.1778628186305067,-0.30647640063365206,0.0410881561243556,0.3567228657799312,19.178222828609425,14.178222828609425,3.2778343550511493,2.7504295983836364,0.0,4.2789088603075385,7.907834355051149,2.7504295983836364,0.0,8.3724970685329,-1.0784795569497712,1.1951070400445467,5.7566308897263525,8.695891282723897,0.5172180025838139,main_sail
143,17.71557318789529,12.715573187895291,1.7020166090961844,-3.3328538821839753,10.441904641187064,-1.3047977662578807,-4.230243321649046,10.111692685958984,-1.304797766257881,-68.24893764859308,-22.57339492811935,-6.319370467563183,-34.63591252503257,8.10560018128622,2.5892547226762015,0.016837762038975308,8.509129087515285,0.1497080952491488,-0.20150010005293964,0.016837762038975308,0.25159156252735115,19.329766695766658,14.329766695766658,3.3258920860370713,2.790754822729141,0.0,4.341643772645331,7.955892086037071,2.790754822729141,0.0,8.43116429476103,-1.0183216671046214,1.2943403542105192,6.374324180581199,9.52214682571759,0.5861748653548228,main_sail
144,18.615698170899844,13.615698170899844,1.2431996639267064,-2.5761071009543417,7.646186556022381,-0.8716170132982374,-3.2327133041645015,7.392567979948688,-0.8716170132982376,-54.677011378873395,-18.8471437966582,-3.7343697927999826,-29.709871929935876,8.116420172721805,2.7339530303669304,-0.005108591986501606,8.564508257344963,0.11626939602075964,-0.09393924337473954,-0.005108591986501606,0.14956353703003727,19.467476284495113,14.467476284495113,3.3701507767010446,2.82789227374167,0.0,4.399419390054384,8.000150776701044,2.82789227374167,0.0,8.485245262326726,-0.9562298651572624,1.38858440524751,6.992596530978827,10.348393453257467,0.6551309840682209,main_sail
145,19.517590459645305,14.517590459645305,0.8108217517327456,-1.7714510842985671,4.99335527768257,-0.514081555938626,-2.1999097661364697,4.819961918322626,-0.5140815559386261,-38.766144372806984,-13.942041602000632,-1.8386937263489744,-23.379083063017436,8.118238893628865,2.877624411629632,-0.02346329599902899,8.613191946932004,0.07703134287405283,0.01528141392211745,-0.02346329599902899,0.0819626479292673,19.593662277093106,14.593662277093106,3.4112075507548116,2.8623429977075148,0.0,4.45301520218064,8.041207550754812,2.8623429977075148,0.0,8.535457006560424,-0.8924810273832762,1.4777608849433288,7.611406087533387,11.174628658235434,0.7240861494881242,main_sail
146,20.419141964555262,15.419141964555262,0.4284191954224911,-0.9834075577829341,2.6385954779372622,-0.2422693196713558,-1.2096341438169451,2.542845209407724,-0.24226931967135584,-22.095890939536044,-8.294587960264586,-0.6471976626363387,-15.5144685244532,8.11112435332843,3.019585130099659,-0.03746789591495053,8.655035324959732,0.031598301002257016,0.12508909185634748,-0.03746789591495053,0.13434871325014072,19.71009971069731,14.71009971069731,3.449526052326174,2.8944960382433114,0.0,4.503036453448187,8.079526052326173,2.8944960382433114,0.0,8.58235681765933,-0.8273529825580086,1.5617656826450133,8.230713351746274,12.000849894536117,0.7930401491232157,main_sail
147,21.31546577237426,16.31546577237426,0.12096522053457788,-0.2907226052055888,0.744182536730611,-0.059961181887683214,-0.3544760996498201,0.7160125529132731,-0.05996118188768323,-6.684737656367179,-2.6186721035653595,-0.08948626683237976,-5.870218781442461,8.095238672125605,3.158719233192259,-0.04678334642996776,8.68979775566266,-0.02023513763527989,0.23405944494383119,-0.04678334642996776,0.23954533196395092,19.81818179644696,14.81818179644696,3.4854738097608853,2.9246597882484275,0.0,4.549962918038608,8.115473809760886,2.9246597882484275,0.0,8.626386846989428,-0.761114963664566,1.6404716696655948,8.850480508634929,12.827055542380785,0.8619928477915165,main_sail
148,22.193035108244526,17.193035108244526,-0.08201959021005363,0.20560609788725376,-0.5034549563123868,0.03485186270991344,0.24870269526801053,-0.4836194060315998,0.034851862709913445,4.827782899282843,1.9714158267667141,-0.002942007169815908,6.020759482848998,8.071239068518,3.2926671674497467,-0.051255941995536486,8.717177544845734,-0.07810824884651665,0.33958413146443045,-0.051255941995536486,0.35220086949093515,19.919022187542467,14.919022187542467,3.5193473173645176,2.9530830359853164,0.0,4.594181641779642,8.149347317364517,2.9530830359853164,0.0,8.667904078637495,-0.6940266093396237,1.7137290531516558,9.470670990160833,13.653245721907863,0.9309442555194268,main_sail
149,22.984761350057003,17.984761350057003,-0.13909096491562642,0.3614097365018849,-0.8513289368402888,0.04929299160909372,0.43423266915480213,-0.8165904391913211,0.049292991609093735,8.678781161212953,3.677949678656456,-0.11058413723480032,20.99079882902659,8.04337941626354,3.4116875816242547,-0.050458972764803406,8.73716834543742,-0.13800997246960076,0.43171805537136976,-0.050458972764803406,0.45604094088927605,20.01352511524182,15.01352511524182,3.551389388733142,2.979969526252885,0.0,4.636009595309548,8.181389388733141,2.979969526252885,0.0,8.70720108344071,-0.6263369803587885,1.781365768002896,10.091249036175714,14.479421950452034,0.9998944989392461,main_sail
150,23.80059423031236,18.80059423031236,-0.8803409382587214,3.1865416752957176,-7.192740098690187,-1.436238460803881,3.8013045278701902,-6.887644144560299,-1.4362384608038812,-106.49965370955168,-42.69934341455531,-22.4477384948935,13.927625139136387,8.173885884420114,3.605214492793973,0.08011007660488229,8.934002440952641,-0.18405566169001733,0.4771001164025023,0.08011007660488229,0.5176085702971615,20.519292525644346,15.519292525644346,3.727941546110132,3.1281143763914705,0.0,4.866482068496811,8.357941546110132,3.1281143763914705,0.0,8.924140655546662,1.7179873108593522,3.1666625775726196,-14.174232590695043,-14.480686086213678,-1.417031127341478,main_sail
151,23.001265809960774,18.001265809960774,-0.8547262569317224,2.9801795798446626,-6.989529802224115,-1.413835463803653,3.578016758172274,-6.703192766327145,-1.4138354638036532,-97.67487610749806,-37.222280174940515,-21.871310659268406,12.440239431144734,8.185018740937025,3.4745477370562923,0.07594289274101346,8.892287730923421,-0.14145864901028854,0.3728349224963457,0.07594289274101346,0.40593564979014246,20.43096651650602,15.430966516506022,3.696477389947315,3.1017128145599466,0.0,4.825408529689181,8.326477389947314,3.1017128145599466,0.0,8.885428977224972,1.8284826216664742,3.050513111278872,-13.357401016913267,-13.654499341769467,-1.3480800062955023,main_sail
152,22.216154544521363,17.216154544521363,-0.5660453749380996,1.8985667549252803,-4.631505342188811,-0.9489205397865899,2.2950044233680273,-4.448410070390566,-0.9489205397865901,-60.86584372168684,-21.96800958348203,-14.556449226430182,7.6172285658007866,8.193732360576806,3.3464955144422697,0.060106197942687574,8.850982712669646,-0.09960756000321482,0.2725883382065679,0.060106197942687574,0.2963761514817578,20.337107481533955,15.337107481533955,3.6633399205800212,3.0739071762357018,0.0,4.78215063562709,8.29333992058002,3.0739071762357018,0.0,8.844681586490243,1.9412375832090372,2.931472899175919,-12.541086446934983,-12.828287485556023,-1.2791267894949638,main_sail
153,21.437450463452393,16.437450463452393,-0.13875816285579495,0.4469143306433228,-1.1353239154564767,-0.23549964359059675,0.5441636857988883,-1.0920525147627123,-0.2354996435905968,-13.973540926396927,-4.756791661843732,-3.5858922859802265,1.7364322165430552,8.198289543107954,3.2190578022162506,0.03931970063388753,8.80771426679479,-0.06003998224788677,0.17452783570052938,0.03931970063388753,0.18870825037760292,20.23699972334219,15.23699972334219,3.628329525355841,3.044529966515721,0.0,4.736447810499041,8.25832952535584,3.044529966515721,0.0,8.801657188642162,2.0530217401354083,2.808250976525666,-11.725463227787099,-12.002047786370916,-1.2101712490017218,main_sail
154,20.650221245742863,15.650221245742863,0.37422167888613433,-1.1550566890441172,3.0596004341229457,0.6420962482527146,-1.4173230979681986,2.947287907103191,0.6420962482527147,35.10299917517429,11.2148224205676,9.707389621379036,-4.381873083570836,8.198650925962726,3.0898746227767337,0.025112833133199793,8.76161131554334,-0.022552753364176354,0.07649693997103932,0.025112833133199793,0.08361257619051154,20.12976869982592,15.12976869982592,3.5912036793269024,3.0133776828056944,0.0,4.687983460470237,8.221203679326901,3.0133776828056944,0.0,8.756062756525308,2.16104517697184,2.6799159635345546,-10.910651867169522,-11.175780027964983,-1.1412133667682565,main_sail
155,19.917115806018483,14.917115806018483,1.0137295624425713,-2.9933824706062344,8.279098899998754,1.7565353270915702,-3.7035627604894126,7.986703956602455,1.7565353270915707,88.06391848803396,26.246504183669707,26.365302914702102,-11.176049804891203,8.191075698084841,2.967895847387761,-0.029877472176942737,8.712233899295935,0.00941342971147292,-0.012302652070595162,-0.029877472176942737,0.03365458736319535,20.014326266358125,15.014326266358125,3.55166226837337,2.980198499458356,0.0,4.636365814381013,8.181662268373369,2.980198499458356,0.0,8.707535849475343,2.2639574380821195,2.5462083292980697,-10.09668016014396,-10.349487125939932,-1.0722533861221295,main_sail
156,19.309576947260886,14.309576947260886,1.444964742483144,-4.0753787307980955,11.785708936948955,2.5261537631202313,-5.08706290054443,11.385668095980337,2.5261537631202318,115.4940631714338,31.868355818967302,37.64255525102607,-15.083332893644808,8.17166106832139,2.8632084923486567,-0.17509947729687064,8.660523501101222,0.03233033921749646,-0.0814696281215156,-0.17509947729687064,0.19581209893623466,19.889303851069233,14.889303851069233,3.509330729103894,2.944678120470172,0.0,4.581105914449982,8.139330729103893,2.944678120470172,0.0,8.655624411381924,2.3614899276756844,2.4073154800958942,-9.283515713624638,-9.523173663303456,-1.003291689547713,main_sail
157,18.626866495187123,13.626866495187123,1.718188732698368,-4.615089872600604,13.979957961244297,3.025007051590373,-5.815961681994915,13.524528414843358,3.0250070515903738,125.27291463402835,31.67314639271674,44.74584761611888,-17.0495137574177,8.150877354958622,2.7473288520785193,-0.26132511779650747,8.605399949696219,0.05714038083049753,-0.1590915654074973,-0.26132511779650747,0.31123297784235654,19.752959160106943,14.752959160106943,3.4637369741281243,2.9064204174860166,0.0,4.5215874943565835,8.093736974128124,2.9064204174860166,0.0,8.599759173927387,2.4534923910492727,2.263472092501396,-8.471119578573685,-8.696844152850105,-0.9343286536695965,main_sail
158,17.903952683939348,12.903952683939348,1.8917386368409366,-4.825323476445489,15.339839150757504,3.348588761993692,-6.143916738626503,14.860911779977494,3.348588761993693,124.57674741648724,28.45451652367417,49.16560648200989,-17.909762068665273,8.126391711787406,2.6253721229132556,-0.31664603988606776,8.545822707718235,0.08211756612616325,-0.23954405344921625,-0.31664603988606776,0.40544958106390366,19.603027737681305,14.603027737681305,3.4142741456612433,2.8649161763624718,0.0,4.457018357524925,8.044274145661243,2.8649161763624718,0.0,8.539209051670845,2.5398213678686283,2.1149162904961814,-7.659452054148318,-7.870502860520342,-0.8653646345106515,main_sail
159,17.144277128539674,12.144277128539674,1.9728368306328572,-4.764083987613977,15.927905949327467,3.505399394224902,-6.134163683153305,15.452078179971275,3.505399394224903,115.95903551353445,23.441360017963582,51.08313960279416,-17.877185418619106,8.097146629580104,2.4978587284469103,-0.3452309314761029,8.480699627050042,0.10700377021376596,-0.32163590555035565,-0.3452309314761029,0.4838221353214582,19.4364907736092,14.4364907736092,3.360142859366339,2.819494633997266,0.0,4.386354981814625,7.990142859366339,2.819494633997266,0.0,8.47301203257863,2.620340265882798,1.9618894874391883,-6.848472714477243,-7.0441538033171875,-0.7963999673181609,main_sail
160,16.335883910238255,11.335883910238255,1.9798862278369231,-4.510917130557728,15.898416324143273,3.5253218795201824,-5.87939001223504,15.444765717179894,3.5253218795201833,102.35879404561102,17.737092693823424,50.98551554722606,-17.21934854123601,8.062397330636001,2.3630921662693107,-0.3405694233247355,8.40847446540891,0.1321390006048856,-0.4061533812495442,-0.3405694233247355,0.5462680813346488,19.24919737038675,14.24919737038675,3.3002583300311157,2.769245547518855,0.0,4.3081812807021915,7.930258330031116,2.769245547518855,0.0,8.399864170537574,2.6949194312510745,1.8046362266394758,-6.038140435754199,-6.217800747344879,-0.727434966400132,main_sail
161,15.481231389725325,10.481231389725325,1.923088654299516,-4.118111054984422,15.34045318499672,3.425256520174777,-5.439448990552554,14.923161101503856,3.425256520174778,85.83536156282457,12.065297212241374,49.1619892761784,-16.088852627224863,8.019990972241494,2.2213114052232723,-0.3061698098484073,8.327557835660626,0.15689837929847295,-0.4915753970772131,-0.3061698098484073,0.6000028540771428,19.035214819920583,14.035214819920583,3.233092592943022,2.7128868023004853,0.0,4.220502637914018,7.863092592943022,2.7128868023004853,0.0,8.317931228814745,2.7635524735159294,1.643433564943285,-5.228410077706948,-5.391447262171111,-0.6584699296622093,main_sail
162,14.570639276472628,9.570639276472628,1.7969437148089236,-3.600990122129172,14.220109707493187,3.1957081787856527,-4.826651491055582,13.852150928166528,3.1957081787856536,67.56750908845144,6.878060426072961,45.53080282385235,-14.481414856719136,7.967318672963879,2.0709718476732415,-0.2375720783534199,8.235504339312024,0.18093252387303568,-0.5775506058819603,-0.2375720783534199,0.6501859526034452,18.78562590756908,13.78562590756908,3.1563861490908436,2.6485224535552017,0.0,4.1203694869706275,7.786386149090843,2.6485224535552017,0.0,8.224504875659068,2.827373322892517,1.4788277133991472,-4.419206923320216,-4.565097092131622,-0.5895051695956641,main_sail
163,13.581708706471339,8.581708706471339,1.5785836993952926,-2.9445500490070984,12.368394143572965,2.796996272688012,-4.011321725265549,12.064694223157518,2.7969962726880127,48.32390973449028,2.550343508708009,39.595518285503914,-12.249964260529994,7.900724904759352,1.9087168448840517,-0.12287550893728215,8.128945343974543,0.20414457586643642,-0.6644495780654962,-0.12287550893728215,0.7058800467102745,18.486118324502556,13.486118324502556,3.066580328892916,2.573166422949548,0.0,4.0031363146597885,7.6965803288929155,2.573166422949548,0.0,8.115327115976063,2.8890791690637783,1.3116599637486823,-3.610428418312936,-3.7387539533968575,-0.5205409963411763,main_sail
164,12.457019618699276,7.457019618699276,1.1774643836496381,-2.0298438125070812,9.105276056157368,2.072082644310498,-2.8156967415707532,8.893715186664897,2.0720826443104983,27.880702886832132,-0.4290633906107866,29.19777984068707,-8.773753973647818,7.815330775556457,1.7264673361628446,0.06946591640701431,8.004055853611929,0.2277739986120677,-0.7552174645570572,0.06946591640701431,0.7918711554021819,18.111522144724056,13.111522144724056,2.9575567769443896,2.481684800719902,0.0,3.860816175237286,7.587556776944389,2.481684800719902,0.0,7.983093215883108,2.9519366839049934,1.1427388743616749,-2.801985721348397,-2.9124207854987527,-0.45157765522345433,main_sail
165,12.457019618699272,7.457019618699272,1.1774643836496455,-2.0298438125070906,9.105276056157416,-2.072082644310508,-2.8156967415707665,8.893715186664943,-2.0720826443105085,-27.88070288683228,0.42906339061079013,29.19777984068722,-8.773753973647871,7.815330775556457,1.7264673361628442,-0.06946591640701232,8.004055853611929,0.22777399861206787,-0.7552174645570578,-0.06946591640701232,0.7918711554021823,18.111522144724056,13.111522144724056,2.9575567769443896,2.481684800719902,0.0,3.860816175237286,7.587556776944389,2.481684800719902,0.0,7.983093215883108,2.9519366839049934,1.1427388743616747,2.801985721348397,2.9124207854987527,0.03454652788197653,main_sail
166,13.581708706471355,8.581708706471355,1.5785836993952964,-2.9445500490071077,12.368394143572996,-2.7969962726880158,-4.01132172526556,12.064694223157547,-2.796996272688016,-48.323909734490385,-2.55034350870803,39.59551828550401,-12.249964260530025,7.900724904759351,1.908716844884054,0.12287550893728771,8.128945343974543,0.20414457586643575,-0.6644495780654939,0.12287550893728771,0.705880046710273,18.486118324502556,13.486118324502556,3.066580328892916,2.573166422949548,0.0,4.0031363146597885,7.6965803288929155,2.573166422949548,0.0,8.115327115976063,2.8890791690637783,1.311659963748682,3.610428418312935,3.7387539533968566,0.10350986899969851,main_sail
167,14.570639276472646,9.570639276472646,1.7969437148089233,-3.600990122129173,14.220109707493167,-3.195708178785656,-4.826651491055581,13.852150928166509,-3.1957081787856567,-67.56750908845133,-6.878060426072951,45.53080282385229,-14.48141485671913,7.967318672963877,2.070971847673244,0.23757207835341926,8.235504339312024,0.1809325238730345,-0.5775506058819575,0.23757207835341926,0.6501859526034423,18.78562590756908,13.78562590756908,3.1563861490908436,2.6485224535552017,0.0,4.1203694869706275,7.786386149090843,2.6485224535552017,0.0,8.224504875659068,2.827373322892517,1.478827713399147,4.419206923320214,4.56509709213162,0.17247404225418628,main_sail
168,15.481231389725336,10.481231389725336,1.9230886542995174,-4.118111054984437,15.340453184996765,-3.4252565201747798,-5.439448990552573,14.923161101503899,-3.4252565201747807,-85.8353615628248,-12.065297212241445,49.16198927617855,-16.088852627224874,8.019990972241494,2.2213114052232736,0.3061698098484054,8.327557835660626,0.15689837929847278,-0.4915753970772118,0.3061698098484054,0.6000028540771407,19.035214819920583,14.035214819920583,3.233092592943022,2.7128868023004853,0.0,4.220502637914018,7.863092592943022,2.7128868023004853,0.0,8.317931228814745,2.7635524735159294,1.6434335649432847,5.228410077706948,5.39144726217111,0.24143880232073142,main_sail
169,16.33588391023825,11.335883910238248,1.979886227836927,-4.510917130557735,15.8984163241433,-3.5253218795201886,-5.879390012235049,15.444765717179921,-3.5253218795201895,-102.3587940456112,-17.73709269382345,50.98551554722614,-17.219348541236037,8.062397330636001,2.3630921662693094,0.3405694233247288,8.40847446540891,0.13213900060488562,-0.4061533812495455,0.3405694233247288,0.5462680813346455,19.24919737038675,14.24919737038675,3.3002583300311157,2.769245547518855,0.0,4.3081812807021915,7.930258330031116,2.769245547518855,0.0,8.399864170537574,2.6949194312510745,1.8046362266394755,6.038140435754199,6.217800747344879,0.31040383905865443,main_sail
170,17.144277128539684,12.144277128539684,1.972836830632859,-4.764083987613984,15.92790594932748,-3.505399394224908,-6.134163683153313,15.452078179971286,-3.505399394224909,-115.95903551353453,-23.44136001796361,51.08313960279421,-17.877185418619124,8.097146629580104,2.4978587284469116,0.3452309314761012,8.480699627050042,0.10700377021376593,-0.32163590555035454,0.3452309314761012,0.4838221353214562,19.4364907736092,14.4364907736092,3.360142859366339,2.819494633997266,0.0,4.386354981814625,7.990142859366339,2.819494633997266,0.0,8.47301203257863,2.620340265882798,1.9618894874391883,6.848472714477243,7.0441538033171875,0.37936883997668314,main_sail
171,17.90395268393933,12.90395268393933,1.8917386368409401,-4.825323476445492,15.339839150757534,-3.3485887619937005,-6.143916738626508,14.860911779977524,-3.3485887619937014,-124.5767474164875,-28.454516523674165,49.16560648200998,-17.90976206866531,8.126391711787406,2.6253721229132525,0.3166460398860673,8.545822707718234,0.08211756612616385,-0.23954405344921906,0.3166460398860673,0.40544958106390505,19.603027737681305,14.603027737681305,3.4142741456612433,2.8649161763624718,0.0,4.457018357524925,8.044274145661243,2.8649161763624718,0.0,8.539209051670845,2.5398213678686288,2.114916290496181,7.659452054148318,7.870502860520342,0.44833350716917364,main_sail
172,18.626866495187123,13.626866495187123,1.7181887326983698,-4.615089872600608,13.979957961244311,-3.0250070515903755,-5.815961681994921,13.52452841484337,-3.0250070515903764,-125.2729146340285,-31.67314639271676,44.74584761611892,-17.04951375741771,8.150877354958622,2.7473288520785193,0.2613251177965078,8.605399949696219,0.05714038083049744,-0.15909156540749744,0.2613251177965078,0.3112329778423569,19.752959160106943,14.752959160106943,3.4637369741281243,2.9064204174860166,0.0,4.5215874943565835,8.093736974128124,2.9064204174860166,0.0,8.599759173927387,2.4534923910492727,2.2634720925013956,8.471119578573685,8.696844152850105,0.5172975263281188,main_sail
173,19.309576947260883,14.309576947260883,1.4449647424831455,-4.075378730798099,11.78570893694897,-2.5261537631202273,-5.087062900544434,11.385668095980352,-2.5261537631202278,-115.49406317143391,-31.868355818967338,37.64255525102611,-15.083332893644824,8.17166106832139,2.8632084923486563,0.17509947729687,8.660523501101222,0.03233033921749678,-0.0814696281215158,0.17509947729687,0.19581209893623422,19.889303851069233,14.889303851069233,3.509330729103894,2.944678120470172,0.0,4.581105914449982,8.139330729103893,2.944678120470172,0.0,8.655624411381924,2.3614899276756844,2.4073154800958942,9.283515713624638,9.523173663303456,0.5862605622062353,main_sail
174,19.91711580601847,14.917115806018469,1.013729562442574,-2.9933824706062477,8.279098899998797,-1.7565353270915753,-3.7035627604894295,7.986703956602497,-1.7565353270915758,-88.06391848803442,-26.246504183669835,26.365302914702234,-11.176049804891237,8.191075698084843,2.9678958473877595,0.029877472176943788,8.712233899295937,0.009413429711473425,-0.012302652070596507,0.029877472176943788,0.03365458736319691,20.014326266358125,15.014326266358125,3.55166226837337,2.980198499458356,0.0,4.636365814381013,8.181662268373369,2.980198499458356,0.0,8.707535849475343,2.2639574380821195,2.5462083292980697,10.096680160143961,10.349487125939934,0.6552222587806519,main_sail
175,20.650221245742856,15.650221245742856,0.3742216788861368,-1.1550566890441218,3.059600434122959,-0.6420962482527187,-1.4173230979682043,2.947287907103204,-0.6420962482527188,-35.10299917517445,-11.214822420567643,9.707389621379077,-4.3818730835708655,8.198650925962726,3.089874622776733,-0.025112833133200237,8.76161131554334,-0.02255275336417591,0.07649693997103829,-0.025112833133200237,0.08361257619051062,20.12976869982592,15.12976869982592,3.5912036793269024,3.0133776828056944,0.0,4.687983460470237,8.221203679326901,3.0133776828056944,0.0,8.756062756525308,2.16104517697184,2.6799159635345537,10.910651867169523,11.175780027964983,0.7241822394267786,main_sail
176,21.437450463452397,16.437450463452397,-0.13875816285579523,0.4469143306433238,-1.1353239154564791,0.23549964359059783,0.5441636857988895,-1.0920525147627145,0.23549964359059788,13.973540926396957,4.7567916618437405,-3.5858922859802345,1.7364322165430592,8.198289543107954,3.219057802216251,-0.039319700633887913,8.80771426679479,-0.06003998224788691,0.17452783570052977,-0.039319700633887913,0.18870825037760341,20.23699972334219,15.23699972334219,3.628329525355841,3.044529966515721,0.0,4.736447810499041,8.25832952535584,3.044529966515721,0.0,8.801657188642162,2.0530217401354083,2.8082509765256654,11.725463227787099,12.002047786370916,0.7931401216602441,main_sail
177,22.21615454452136,17.21615454452136,-0.5660453749380996,1.8985667549252798,-4.631505342188811,0.9489205397865909,2.295004423368027,-4.448410070390566,0.9489205397865911,60.86584372168684,21.968009583482022,-14.556449226430178,7.6172285658007866,8.193732360576806,3.3464955144422692,-0.06010619794268756,8.850982712669646,-0.09960756000321452,0.27258833820656736,-0.06010619794268756,0.29637615148175717,20.337107481533955,15.337107481533955,3.6633399205800212,3.0739071762357018,0.0,4.78215063562709,8.29333992058002,3.0739071762357018,0.0,8.844681586490243,1.9412375832090367,2.931472899175919,12.541086446934983,12.828287485556023,0.862095662153486,main_sail
178,23.00126580996077,18.00126580996077,-0.8547262569317233,2.9801795798446653,-6.989529802224121,1.4138354638036525,3.5780167581722777,-6.7031927663271516,1.4138354638036528,97.67487610749814,37.22228017494055,-21.871310659268424,12.440239431144745,8.185018740937025,3.474547737056292,-0.07594289274101337,8.892287730923421,-0.14145864901028843,0.37283492249634526,-0.07594289274101337,0.40593564979014196,20.43096651650602,15.430966516506022,3.696477389947315,3.1017128145599466,0.0,4.825408529689181,8.326477389947314,3.1017128145599466,0.0,8.885428977224972,1.828482621666474,3.050513111278872,13.357401016913267,13.654499341769467,0.9310488789540248,main_sail
179,23.800594230312353,18.800594230312353,-0.8803409382587217,3.1865416752957185,-7.192740098690191,1.4362384608038814,3.801304527870191,-6.887644144560302,1.4362384608038816,106.49965370955174,42.69934341455532,-22.447738494893507,13.927625139136394,8.173885884420114,3.605214492793972,-0.08011007660488229,8.93400244095264,-0.18405566169001714,0.47710011640250166,-0.08011007660488229,0.5176085702971608,20.519292525644346,15.519292525644346,3.727941546110132,3.1281143763914705,0.0,4.866482068496811,8.357941546110132,3.1281143763914705,0.0,8.924140655546662,1.7179873108593522,3.1666625775726196,14.174232590695043,14.480686086213678,1.0,main_sail
